<ImportExportXml xmlns:xsi="http://www.w3.org/2001/XMLSchema-instance">
  <Entities></Entities>
  <Roles></Roles>
  <Workflows></Workflows>
  <FieldSecurityProfiles></FieldSecurityProfiles>
  <Templates />
  <EntityMaps />
  <EntityRelationships />
  <OrganizationSettings />
  <optionsets />
  <WebResources>
    <WebResource>
      <WebResourceId>{70703923-003b-e511-80c6-00155d048d13}</WebResourceId>
      <Name>mag_/css/notify.css</Name>
      <DisplayName>/css/notify.css</DisplayName>
      <WebResourceType>2</WebResourceType>
      <IntroducedVersion>1.0.0.0</IntroducedVersion>
      <IsCustomizable>1</IsCustomizable>
      <CanBeDeleted>1</CanBeDeleted>
      <IsHidden>0</IsHidden>
      <FileName>/WebResources/mag_cssnotifycss70703923-003B-E511-80C6-00155D048D13</FileName>
    </WebResource>
    <WebResource>
      <WebResourceId>{c7540e30-003b-e511-80c6-00155d048d13}</WebResourceId>
      <Name>mag_/js/notify.js</Name>
      <DisplayName>/js/notify.js</DisplayName>
      <WebResourceType>3</WebResourceType>
      <IntroducedVersion>1.0.0.0</IntroducedVersion>
      <IsCustomizable>1</IsCustomizable>
      <CanBeDeleted>1</CanBeDeleted>
      <IsHidden>0</IsHidden>
      <FileName>/WebResources/mag_jsnotifyjsC7540E30-003B-E511-80C6-00155D048D13</FileName>
    </WebResource>
    <WebResource>
      <WebResourceId>{1f6e2e3e-003b-e511-80c6-00155d048d13}</WebResourceId>
      <Name>mag_/img/notify.png</Name>
      <DisplayName>/img/notify.png</DisplayName>
      <WebResourceType>5</WebResourceType>
      <IntroducedVersion>1.0.0.0</IntroducedVersion>
      <IsCustomizable>1</IsCustomizable>
      <CanBeDeleted>1</CanBeDeleted>
      <IsHidden>0</IsHidden>
      <FileName>/WebResources/mag_imgnotifypng1F6E2E3E-003B-E511-80C6-00155D048D13</FileName>
    </WebResource>
    <WebResource>
      <WebResourceId>{8d542450-003b-e511-80c6-00155d048d13}</WebResourceId>
      <Name>mag_/img/notify_load.gif</Name>
      <DisplayName>/img/notify_load.gif</DisplayName>
      <WebResourceType>7</WebResourceType>
      <IntroducedVersion>1.0.0.0</IntroducedVersion>
      <IsCustomizable>1</IsCustomizable>
      <CanBeDeleted>1</CanBeDeleted>
      <IsHidden>0</IsHidden>
      <FileName>/WebResources/mag_imgnotify_loadgif8D542450-003B-E511-80C6-00155D048D13</FileName>
    </WebResource>
  </WebResources>
  <Languages>
    <Language>1033</Language>
  </Languages>
</ImportExportXml>